rank_mi,rank_t,freq,Freq(L),mi,t,collocate
11557,1,10348,6438,3.5635,93.121247,，/x
12032,2,4414,3206,3.3777,60.045998,。/x
12959,3,4404,2611,3.2961,59.606395,的/uj
11275,4,3855,1387,3.7579,57.498993,了/ul
11538,5,2056,1307,3.586,41.567339,他/r
12926,7,1283,1177,3.3158,32.221844,”/x
11770,6,1257,802,3.5525,32.432437,她/r
13311,8,1256,761,3.1131,31.343981,我/r
13234,15,696,503,3.1674,23.445423,着/uz
13286,9,1086,402,3.1294,29.1885,在/p
13092,25,428,381,3.2092,18.451265,…/x
8975,35,281,270,4.194,15.847159,时候/n
13093,16,673,248,3.2067,23.132249,说/v
11768,21,463,222,3.5606,19.693734,到/v
6104,44,225,218,4.6409,14.398766,这时/r
12003,45,252,214,3.4226,14.394065,走/v
9165,10,928,192,4.1008,28.687605,又/d
13308,38,315,192,3.1148,15.699351,上/f
11837,18,543,191,3.5051,21.250008,地/uv
8834,51,205,190,4.3457,13.613639,时/n
11986,29,334,189,3.4364,16.587548,里/f
11355,56,184,136,3.677,12.504104,；/x
13095,46,260,134,3.2002,14.370131,什么/r
12025,22,453,133,3.3999,19.267405,有/v
9869,17,609,122,3.8195,22.930044,一个/m
13235,52,230,120,3.1671,13.47742,得/ud
12888,24,435,120,3.3644,18.831426,来/v
9877,19,478,117,3.8054,20.299484,一/m
11555,74,130,117,3.5723,10.443254,正/d
11527,55,191,108,3.5988,12.679614,中/f
9537,23,416,108,4.0344,19.151368,想/v
12887,68,143,93,3.3676,10.799718,会/v
12989,93,106,93,3.2715,9.229455,却/d
6366,12,721,92,4.4179,25.59532,起来/v
12892,98,99,91,3.3449,8.97058,可是/c
6375,63,134,91,4.3755,11.018158,一天/m
11284,90,102,88,3.7342,9.340604,正在/t
9853,92,99,85,3.8447,9.257322,这里/r
12922,103,96,83,3.3185,8.81582,但/c
11826,34,304,78,3.5174,15.912977,自己/r
6356,112,78,78,4.4559,8.429326,正要/a
11984,104,94,75,3.4369,8.800085,现在/t
9590,67,135,73,3.9834,10.88438,心里/s
9856,106,85,72,3.837,8.574408,为什么/r
9874,99,91,67,3.8118,8.860126,不知/v
12956,83,120,66,3.2969,9.839832,这个/r
12022,124,79,66,3.4025,8.047631,但是/c
9164,121,74,65,4.1039,8.102026,一会儿/m
11990,129,75,65,3.4341,7.858988,后/f
13334,137,75,61,3.0912,7.644014,怎么/r
11911,95,102,61,3.488,9.199358,眼睛/n
11346,57,183,60,3.6837,12.475023,声音/n
6342,143,61,60,4.4807,7.460434,这时候/r
9536,151,60,58,4.0386,7.274635,之后/f
11273,123,76,57,3.7601,8.07436,看着/v
12013,14,771,53,3.4052,25.145899,：/x
11302,131,71,53,3.7125,7.783396,说话/v
12023,69,142,52,3.4009,10.788253,事/n
11910,94,102,52,3.488,9.199358,下/f
13002,88,114,52,3.2605,9.562942,听/v
13066,141,71,52,3.2391,7.533755,因为/c
9723,161,55,51,3.9323,6.930429,后来/t
11774,64,144,49,3.5429,10.970408,笑/v
11965,152,64,49,3.4513,7.268607,地方/n
13352,100,101,49,3.0742,8.856584,而/c
11409,76,126,48,3.6366,10.322457,一下/m
11492,138,69,48,3.6269,7.634247,脸上/s
6374,178,49,47,4.3849,6.664958,一会/m
5566,33,280,47,4.8025,16.133555,一阵/m
13094,114,89,46,3.202,8.408824,—/x
12015,183,53,45,3.4046,6.592633,然后/c
6343,176,49,45,4.4771,6.685682,想着/v
11959,115,84,45,3.4587,8.331522,话/n
12985,81,127,45,3.2793,10.108725,像/v
9865,72,129,44,3.823,10.555267,似的/u
11956,210,45,42,3.4611,6.099079,以后/f
12896,89,110,42,3.3377,9.450699,大/a
11358,189,50,42,3.6741,6.517137,刚/d
12906,126,79,41,3.3296,8.004107,使/v
8849,136,65,41,4.2945,7.651402,心中/s
13227,101,99,40,3.173,8.84665,觉得/v
8862,196,45,39,4.277,6.362192,童霜威/nr
13342,175,58,38,3.0835,6.717315,望/v
11836,203,47,37,3.5069,6.252578,时/ng
11804,172,55,37,3.5221,6.770679,前/f
11987,84,117,37,3.4364,9.817482,看见/v
12987,173,57,36,3.2723,6.768426,先生/n
12033,180,54,36,3.3701,6.637775,之/u
11930,125,78,36,3.4657,8.032366,脸/n
11549,111,85,35,3.5799,8.448528,好像/v
9831,28,349,35,3.8558,17.39119,从/p
9150,159,55,34,4.1071,6.985852,门/n
12930,205,48,34,3.3113,6.230236,过去/t
6102,241,34,33,4.6503,5.598745,冬子/n
13364,119,86,33,3.0549,8.157732,站/v
11999,149,65,33,3.4267,7.312521,这么/r
11958,135,71,32,3.4592,7.660011,事情/n
9185,59,149,32,4.0815,11.485558,起/v
9194,215,41,32,4.0695,6.021747,觉民/v
13362,201,51,31,3.0596,6.284862,的话/u
11317,190,49,31,3.6995,6.461169,心/n
9718,213,42,31,3.9423,6.059161,家霆/n
13363,240,41,31,3.0553,5.632817,太太/n
13914,186,56,30,3.0431,6.575415,大家/n
13067,158,63,30,3.2337,7.093462,似乎/d
12011,188,52,29,3.4124,6.533812,今天/t
12925,91,106,29,3.3167,9.262333,向/p
12012,253,37,29,3.4097,5.510379,最后/f
13919,134,77,29,3.0296,7.700369,个/q
5396,20,438,28,5.0469,20.295354,想到/v
13057,146,68,28,3.253,7.381257,跑/v
13059,139,72,28,3.2409,7.587708,那个/r
13236,294,33,28,3.1666,5.10481,回答/v
11957,211,45,28,3.4611,6.099079,·/x
13360,280,35,28,3.0648,5.20905,那里/r
13343,155,67,27,3.0831,7.219444,出来/v
11835,185,52,27,3.5083,6.5774,坐/v
13083,224,43,27,3.219,5.853192,这些/r
6369,40,235,27,4.4075,14.607344,一声/m
9829,227,39,27,3.8611,5.815248,好象/n
11541,110,85,26,3.5848,8.451151,头/n
11393,218,42,26,3.6644,5.969622,觉新/v
9870,297,30,26,3.8176,5.088764,走出/v
6377,147,60,26,4.3701,7.371398,眼前/t
11491,259,35,26,3.6291,5.437915,-/x
11343,82,117,26,3.6859,9.976187,出/v
13077,263,36,25,3.2272,5.359275,（/x
11985,192,50,25,3.4366,6.417976,开始/v
13355,41,274,25,3.0726,14.585431,把/p
12955,200,49,25,3.2984,6.288467,女人/n
11794,47,246,25,3.5329,14.329363,对/p
11288,212,43,25,3.7303,6.06336,",/x"
9857,296,30,24,3.8341,5.093179,坐下/v
9716,352,25,24,3.9479,4.676011,半天/m
8976,182,49,24,4.1904,6.616601,旁边/f
12026,193,50,23,3.3993,6.40088,仿佛/d
11830,284,32,23,3.5122,5.161052,一眼/m
12893,378,25,23,3.3416,4.506763,准备/v
11552,62,148,23,3.5768,11.145967,道/q
13918,191,54,23,3.0323,6.450231,两个/m
6059,335,25,23,4.7286,4.811409,随后/d
11408,333,28,23,3.6383,4.866561,门口/s
13287,217,46,23,3.1255,6.005183,孩子/n
8927,359,24,22,4.2002,4.632469,一半/m
13313,242,40,22,3.1071,5.590554,有点/n
12889,254,37,22,3.3604,5.490504,一次/m
5360,369,22,22,5.0747,4.551235,之际/f
9543,261,33,21,4.0222,5.391015,脸色/n
11841,195,49,21,3.501,6.381727,父亲/n
12998,233,41,21,3.2683,5.738546,看看/v
9816,418,21,21,3.8798,4.271284,说完/v
11551,223,41,21,3.5779,5.86693,一些/m
6238,392,21,21,4.5925,4.392635,当儿/t
9820,311,29,20,3.8706,5.017002,屋里/s
11268,266,33,20,3.7707,5.323673,问题/n
12890,273,34,20,3.3596,5.262876,象/n
11769,394,23,20,3.5539,4.387468,有时/r
9846,367,24,20,3.8466,4.558439,刚刚/d
11931,287,32,20,3.4633,5.143955,朋友/n
6053,406,20,20,4.7379,4.304537,不料/n
11496,237,38,20,3.6181,5.662368,身子/n
11267,133,69,20,3.7782,7.701193,一句/m
6299,330,26,19,4.547,4.880899,脑子里/n
9558,362,24,19,4.0009,4.592986,淑英/nrt
9815,53,201,19,3.8816,13.215598,叫/v
12988,303,32,19,3.2721,5.071295,下去/t
13089,370,26,19,3.2126,4.548976,天/q
11988,336,28,19,3.436,4.802591,小/n
11507,309,30,19,3.6046,5.026964,作/v
11402,306,30,19,3.6477,5.040207,床上/n
13225,374,26,19,3.1758,4.534751,儿/n
11908,417,22,18,3.4897,4.272875,谈/v
11526,342,27,18,3.6015,4.768066,无/v
9724,415,21,18,3.9296,4.281836,睡着/v
12937,275,34,18,3.3079,5.242143,）/x
13354,214,47,18,3.073,6.040972,小/a
13285,248,39,18,3.132,5.532619,母亲/n
11834,490,19,18,3.5095,3.976164,几天/m
12894,157,62,18,3.3413,7.097134,手/n
9135,436,20,18,4.1375,4.218034,此时/c
8850,477,18,18,4.2921,4.026083,许久/m
11827,298,31,18,3.517,5.081399,高兴/b
9549,70,131,17,4.0112,10.735734,一种/m
9148,132,67,17,4.1143,7.712737,后面/f
9880,422,21,17,3.7852,4.250179,待/v
5522,73,118,17,4.949,10.511105,之间/f
9827,282,31,17,3.8649,5.18562,那边/r
13361,452,22,17,3.0614,4.128539,出去/v
11503,438,21,17,3.6127,4.20797,或者/c
11795,355,26,17,3.5314,4.658036,房间/n
12916,434,22,17,3.3218,4.221326,这儿/r
9597,442,20,17,3.9642,4.185595,淑华/n
6371,279,30,17,4.3944,5.21678,房门/n
6316,519,16,16,4.5122,3.824707,半晌/m
8877,482,18,16,4.2547,4.020384,几步/m
5405,26,360,16,4.9642,18.365821,听见/v
12958,501,19,16,3.2961,3.915148,气/n
11915,538,17,16,3.4803,3.753667,女士/n
9735,491,18,16,3.9254,3.963396,几句/m
5561,30,290,16,4.8255,16.428812,听到/v
11390,168,55,16,3.6677,6.832623,过来/t
11392,390,23,16,3.6649,4.417717,路上/s
6099,32,284,16,4.6619,16.186591,感到/v
12007,421,22,15,3.4202,4.252255,路/n
9000,324,27,15,4.1478,4.903006,口/q
13238,397,24,15,3.1607,4.351153,走到/v
11348,339,27,15,3.6821,4.791331,黑/a
13277,318,31,15,3.1444,4.938095,接着/c
9876,448,20,15,3.8094,4.153157,沉默/a
9864,387,23,15,3.8276,4.45805,天空/n
9871,591,15,15,3.8176,3.5983,之中/r
11796,489,19,15,3.5306,3.981711,琴/n
9845,366,24,15,3.8466,4.558439,眼/n
9197,220,40,15,4.0482,5.942263,眼泪/n
9814,118,77,15,3.882,8.179804,哭/v
13068,238,40,15,3.2326,5.651721,一切/r
12999,322,30,15,3.2658,4.907777,有些/r
12940,363,26,15,3.3024,4.582168,离开/v
12929,312,31,15,3.3131,5.007575,地上/s
12938,283,33,15,3.306,5.163734,身上/s
12924,480,20,14,3.317,4.023402,姑娘/n
11406,187,51,14,3.6417,6.569256,下来/t
13916,407,24,14,3.0362,4.301799,三/m
13937,308,33,14,3.0051,5.02905,而且/c
11405,561,16,14,3.6422,3.679638,影子/n
6050,216,39,14,4.7729,6.016572,身后/f
12034,425,22,14,3.3701,4.236791,工作/vn
13329,244,40,14,3.0996,5.586731,看到/v
13915,235,42,14,3.0414,5.693544,打/v
13349,472,21,14,3.076,4.039134,打算/v
12986,440,22,14,3.275,4.205862,时间/n
9598,307,29,14,3.9613,5.03945,汽车/n
12915,405,23,14,3.3239,4.316887,回去/v
11529,260,35,14,3.5925,5.425654,声/n
12923,479,20,14,3.317,4.023402,点/m
9599,412,21,14,3.9551,4.287112,心情/n
9725,416,21,14,3.9296,4.281836,头上/s
13280,603,16,14,3.1413,3.546657,月/m
13357,383,26,14,3.0706,4.492075,非常/d
11493,528,17,14,3.6247,3.788852,情况/n
9819,198,46,13,3.8713,6.318894,前面/f
11341,377,24,13,3.6883,4.518956,转身/v
5402,619,13,13,4.9831,3.491552,怎的/r
13365,437,23,13,3.0482,4.216056,晚上/t
5527,622,13,13,4.9007,3.484846,正说/v
11508,458,20,13,3.6046,4.104499,红/a
11357,431,21,13,3.675,4.223798,下面/f
13096,488,20,13,3.2002,3.985557,或/c
13214,638,15,13,3.1896,3.448472,因此/c
11966,122,79,13,3.4499,8.074834,很/zg
12891,473,20,13,3.3522,4.034215,同时/c
9843,583,15,13,3.8508,3.604543,天气/n
12957,247,38,13,3.2961,5.536856,许多/m
11536,145,65,13,3.5916,7.393492,一只/m
11271,373,24,13,3.7653,4.538697,街上/s
9860,206,44,13,3.8296,6.166688,进来/v
11543,460,20,13,3.5835,4.099092,学生/n
11802,413,22,13,3.5258,4.283184,中间/f
8835,500,17,13,4.3283,3.917862,淑贞/n
11396,502,18,13,3.6574,3.906407,吃饭/v
12035,517,18,13,3.3701,3.832321,竟/d
11314,329,28,13,3.7018,4.884838,声/q
9872,592,15,13,3.8176,3.5983,左右/m
13075,441,22,12,3.2297,4.190397,梦/n
12002,470,20,12,3.4253,4.055841,消息/n
8920,605,14,12,4.2233,3.541338,沉思/a
13003,526,18,12,3.2547,3.798128,不到/v
13245,537,18,12,3.1478,3.763935,远/a
13244,340,29,12,3.1513,4.779042,几个/m
9193,661,13,12,4.0706,3.390964,片刻/m
9149,486,18,12,4.1138,3.997589,天上/s
11497,379,24,12,3.6153,4.499214,身边/s
13928,581,17,12,3.0147,3.612929,办法/n
11293,388,23,12,3.7238,4.432842,电话/n
13004,527,18,12,3.2547,3.798128,谈话/vn
11550,693,13,12,3.5787,3.303788,走开/v
9821,495,18,12,3.8676,3.951998,大门/n
9591,542,16,12,3.9778,3.746128,神/n
6372,256,33,12,4.3922,5.470984,开口/n
12908,586,16,12,3.3257,3.601058,继续/v
12909,587,16,12,3.3257,3.601058,书/n
9875,164,55,12,3.8117,6.888046,一片/m
11506,293,31,12,3.6101,5.111797,十分/m
11801,535,17,12,3.5269,3.765396,老太太/nr
9539,509,17,12,4.0313,3.870949,老人/n
11403,455,20,12,3.6477,4.115312,不想/v
11509,601,15,12,3.6046,3.5546,情形/n
9828,469,19,11,3.8632,4.059367,对面/n
11992,770,12,11,3.4315,3.143037,客人/n
11347,249,36,11,3.6821,5.532553,面前/f
6337,71,124,11,4.4915,10.640478,一件/m
13307,471,21,11,3.1186,4.054962,边/d
9734,171,53,11,3.9281,6.801865,感觉/n
9550,288,30,11,4.0102,5.137322,转/v
9882,556,16,11,3.7852,3.70986,故事/n
11505,691,13,11,3.6112,3.310494,渐/d
9792,468,19,11,3.8902,4.064914,态度/n
12917,453,21,11,3.3195,4.123552,上面/f
12907,554,17,11,3.3283,3.712619,二/m
5560,739,11,11,4.8296,3.199984,家玉/nr
13219,533,18,11,3.1825,3.775333,您/zg
6247,162,52,11,4.5628,6.905986,主意/n
11278,737,12,11,3.7457,3.205854,睡觉/v
11318,349,26,11,3.6955,4.705454,丈夫/n
11391,389,23,11,3.6649,4.417717,目光/n
11961,702,13,11,3.4559,3.276965,客厅/n
12031,451,21,11,3.3874,4.144656,黑暗/z
11923,148,65,11,3.4736,7.336512,将/d
11981,574,16,11,3.4394,3.631281,年/m
11397,332,28,11,3.6539,4.87113,像是/v
8980,775,11,11,4.1857,3.134374,缘故/n
8979,774,11,11,4.1857,3.134374,透/v
12038,778,12,11,3.3701,3.129077,梅/nr
11494,643,14,11,3.6229,3.437947,这话/r
13330,541,18,11,3.0971,3.746838,怕/v
13929,396,25,11,3.014,4.381036,家里/s
13926,209,49,11,3.0191,6.13649,问/v
11303,740,12,10,3.7072,3.198874,如今/t
13213,464,21,10,3.1926,4.081343,信/n
13218,880,11,10,3.1857,2.952123,嘴里/s
6101,747,11,10,4.6597,3.185404,迪子/nr
6074,824,10,10,4.6921,3.039944,胡思乱想/i
9559,718,12,10,4.0009,3.247732,走近/v
9566,870,10,10,3.9916,2.963486,多久/m
12036,550,17,10,3.3701,3.724347,风/n
11771,202,47,10,3.5497,6.270211,说道/v
6359,304,28,10,4.4496,5.049331,心头/s
8863,281,30,10,4.277,5.194708,门外/s
9867,676,13,10,3.8227,3.350729,思索/n
9727,618,14,10,3.9296,3.496104,动作/n
11831,384,24,10,3.5122,4.469602,桌子/n
12966,724,13,10,3.2892,3.236729,不久/a
9887,890,10,10,3.7852,2.932902,时刻/n
12967,285,33,10,3.2853,5.155317,如果/c
9198,229,38,10,4.0482,5.791801,外面/f
8887,402,21,10,4.2389,4.339873,夜里/t
9720,444,20,10,3.9372,4.180189,雨/n
9596,289,30,10,3.9733,5.128493,决定/v
9817,549,16,10,3.8783,3.727994,校长/n
11776,507,18,10,3.5401,3.877912,骂/v
6358,87,102,10,4.4501,9.637461,明白/nr
12900,497,19,10,3.3327,3.926242,马/n
12901,521,18,10,3.3306,3.820924,那位/r
6357,120,73,10,4.4514,8.153484,不见/v
13920,658,15,10,3.0291,3.39853,它们/r
13359,575,17,10,3.0653,3.630521,夫人/n
13237,420,23,10,3.1658,4.26143,回/v
13314,243,40,10,3.1071,5.590554,回来/v
11344,635,14,10,3.6856,3.450871,一时/d
13226,804,12,10,3.1737,3.08022,」/x
11504,170,55,10,3.6123,6.809801,开/v
9562,257,34,9,3.9982,5.466056,动/v
6237,835,10,9,4.6046,3.032298,博士/n
6107,922,9,9,4.6332,2.879109,两步/m
11547,831,11,9,3.5816,3.039604,余/m
9551,246,35,9,4.0076,5.548261,低声/n
9561,720,12,9,4.0009,3.247732,米/q
13309,1072,9,9,3.1138,2.653444,点头/v
8890,863,10,9,4.2326,2.994069,跨/v
13917,454,22,9,3.0352,4.11823,送/v
9842,295,30,9,3.8508,5.097593,可怕/c
9844,385,23,9,3.8493,4.463091,窗外/s
12961,523,18,9,3.2921,3.809526,间/f
12963,1036,9,9,3.2921,2.693742,下午/t
8852,930,9,9,4.2921,2.846871,入睡/v
9737,791,11,9,3.9227,3.097924,克明/nr
11805,463,20,9,3.5221,4.082873,句/q
8851,929,9,9,4.2921,2.846871,光景/n
8888,426,20,9,4.2326,4.234253,熟悉/v
9881,555,16,9,3.7852,3.70986,秀/ag
11838,655,14,9,3.5051,3.412099,直到/v
11840,268,34,9,3.5034,5.316781,刚才/t
11772,411,22,9,3.5442,4.288339,房里/s
13005,628,15,9,3.2547,3.467201,特别/d
12027,615,15,9,3.3944,3.504658,思想/n
12017,851,11,9,3.4033,3.003154,烟/n
8997,866,10,9,4.1685,2.986423,风野/n
8977,772,11,9,4.1857,3.134374,电灯/n
6105,465,18,9,4.6332,4.071674,感动/v
6367,522,16,9,4.4159,3.812618,心上/s
11808,918,10,9,3.5221,2.887027,鸿/nr
13060,596,16,9,3.2409,3.57688,房子/n
11909,262,35,9,3.4882,5.388873,回到/v
11912,323,29,9,3.4867,4.904757,奇怪/v
11352,686,13,9,3.6783,3.323905,钱谦益/nr
11353,687,13,9,3.6783,3.323905,大哥/n
5549,174,49,9,4.8763,6.761671,一动/d
13344,1078,9,9,3.0806,2.645385,早上/t
13327,608,16,9,3.1034,3.534568,世界/n
13098,800,12,9,3.2002,3.087199,月亮/n
11300,683,13,9,3.713,3.330611,一年/m
11279,401,22,9,3.7421,4.339887,消失/n
12016,423,22,9,3.4033,4.2471,回家/n
9134,435,20,9,4.1375,4.218034,低头/n
9166,710,12,9,4.0971,3.261691,有时候/l
13097,799,12,9,3.2002,3.087199,由于/c
13091,328,30,9,3.2109,4.885705,拉/v
9151,569,15,9,4.1071,3.648242,猫/n
9136,609,14,9,4.1331,3.528414,注视/v
12037,551,17,9,3.3701,3.724347,王/nr
6376,75,120,9,4.3701,10.424731,有人/r
6319,751,11,9,4.5076,3.170824,理由/n
12928,499,19,9,3.3143,3.920695,名字/n
13001,595,16,9,3.2616,3.582924,嘴唇/n
6368,165,52,9,4.4124,6.872457,冒/v
13288,492,20,8,3.1222,3.958525,于/p
13356,820,12,8,3.0725,3.052301,那时/r
13331,818,12,8,3.0971,3.059281,日子/n
13924,899,11,8,3.0222,2.908383,经过/p
13358,231,43,8,3.0685,5.775762,带/v
9782,354,25,8,3.9055,4.66634,害怕/v
11320,897,10,8,3.6921,2.917611,谭功达/nr
11803,414,22,8,3.5258,4.283184,吹/v
13347,970,10,8,3.0774,2.787631,灯/n
11828,696,13,8,3.516,3.290376,口气/n
11342,481,19,8,3.6873,4.020539,远处/s
9862,802,11,8,3.8296,3.083344,不作声/n
9861,801,11,8,3.8296,3.083344,打着/v
11561,908,10,8,3.5628,2.894673,黄/a
11558,409,22,8,3.5628,4.293494,走进/v
6362,847,10,8,4.4441,3.017007,董小宛/nr
8873,653,13,8,4.2632,3.417787,愣/v
13279,511,19,8,3.1423,3.865227,要是/c
13087,876,11,8,3.2149,2.959413,车/n
9791,621,14,8,3.8921,3.489642,人群/n
9849,1088,8,8,3.8466,2.631816,这天/r
12939,867,11,8,3.306,2.981283,男子/n
9784,668,13,8,3.9007,3.364141,屋子里/n
9142,1061,8,8,4.1222,2.666009,洛瓦/ns
8923,933,9,8,4.2181,2.838811,心事/n
11544,828,11,8,3.5816,3.039604,襄/j
11983,849,11,8,3.4373,3.010444,周/nr
9169,219,40,8,4.0922,5.953732,响/v
8985,607,14,8,4.1775,3.534876,此刻/r
9002,937,9,8,4.1478,2.830752,工夫/n
9005,940,9,8,4.1478,2.830752,台阶/n
8995,226,38,8,4.1751,5.823179,一股/m
8933,1054,8,8,4.2002,2.674557,钟头/n
9535,278,31,8,4.0389,5.229045,显得/v
11933,1127,8,8,3.4633,2.571978,谁知/v
12029,548,17,8,3.3915,3.730211,这位/rz
12000,706,13,8,3.4267,3.270259,女/b
6301,557,15,8,4.5221,3.704428,素心/n
9542,664,13,8,4.0262,3.384258,曼桢/nr
11546,830,11,8,3.5816,3.039604,可爱/v
9188,944,9,8,4.0806,2.822693,眼里/s
9547,949,9,8,4.0165,2.814633,卡/n
11916,539,17,8,3.4803,3.753667,表情/n
11283,475,19,8,3.7354,4.031633,脑袋/n
9137,780,11,8,4.1291,3.127084,妇人/n
13939,836,12,8,3.0009,3.031362,靠/v
13215,639,15,8,3.1896,3.448472,唱/v
13216,734,13,8,3.1879,3.209906,女儿/n
11797,753,12,8,3.5288,3.163976,走过/v
9885,733,12,8,3.7852,3.212833,吴/nr
9891,973,9,8,3.7852,2.782395,郭祥/nr
8924,934,9,8,4.2181,2.838811,出神/v
11276,325,28,8,3.7512,4.898546,打开/v
13927,1092,9,7,3.0165,2.629266,常常/d
13086,1051,9,7,3.2181,2.677623,擦/v
11280,810,11,7,3.7421,3.068764,./m
5327,11,811,7,5.2119,27.709703,想起/v
13065,1169,8,7,3.2409,2.529236,枚/m
11510,602,15,7,3.6046,3.5546,如此/c
9191,786,11,7,4.0747,3.119794,刘/nr
11548,832,11,7,3.5816,3.039604,楼上/s
11513,902,10,7,3.6046,2.902319,仔细/ad
9552,614,14,7,4.0076,3.509028,德/ns
11537,564,16,7,3.5888,3.667548,妻子/n
11528,749,12,7,3.5976,3.177935,方向/n
6098,61,139,7,4.6625,11.3243,出现/v
11542,319,29,7,3.5843,4.936185,一位/m
13082,245,39,7,3.2209,5.575207,跳/v
6317,221,38,7,4.5095,5.89378,脚步声/n
6240,594,14,7,4.5925,3.586571,话题/n
12008,577,16,7,3.4159,3.625236,外/f
8932,1053,8,7,4.2002,2.674557,脸红/n
11960,701,13,7,3.4559,3.276965,一步/m
11928,611,15,7,3.4697,3.523386,院子/n
11924,841,11,7,3.472,3.017734,学校/n
9168,712,12,7,4.0971,3.261691,杜/nr
9170,1215,7,7,4.09,2.490396,交谈/v
9171,1216,7,7,4.09,2.490396,静静地/z
9173,1218,7,7,4.09,2.490396,走去/v
8992,1207,7,7,4.1775,2.499535,一瞬间/m
11295,1266,7,7,3.7181,2.444704,有趣/a
9886,805,11,7,3.7852,3.076054,同学/n
9896,1253,7,7,3.7852,2.453842,过后/t
6394,1185,7,7,4.3701,2.517812,十分钟/m
6346,1173,7,7,4.4771,2.52695,门槛/n
9893,1093,8,7,3.7852,2.623268,)/x
9892,974,9,7,3.7852,2.782395,密斯/ns
8886,529,16,7,4.2409,3.78844,附近/f
9180,1225,7,7,4.09,2.490396,很久/m
8836,562,15,7,4.3228,3.679456,热/a
11833,1126,8,7,3.5122,2.580526,想不到/l
9789,963,9,7,3.8962,2.798514,沙发/nz
9787,493,18,7,3.8962,3.957697,脖子/n
9736,790,11,7,3.9227,3.097924,讲话/n
6379,559,15,7,4.3701,3.685699,欧阳/ns
6378,290,29,7,4.3701,5.124757,叹/v
11777,996,9,7,3.5401,2.742098,结束/v
11562,1114,8,7,3.5628,2.589074,向前/t
9832,320,28,7,3.8556,4.925961,一口气/i
11844,1001,9,7,3.4957,2.734039,傍晚/t
11839,656,14,7,3.5051,3.412099,椅子/n
9866,675,13,7,3.8227,3.350729,空中/s
6395,1186,7,7,4.3701,2.517812,芙娜/nrt
12899,928,10,7,3.3345,2.848798,其他/r
8869,1194,7,7,4.2706,2.508673,徘徊/v
12047,1324,7,7,3.3701,2.389872,慧/nr
8840,765,11,7,4.306,3.148954,不远/d
12910,588,16,7,3.3257,3.601058,狗/n
11798,754,12,7,3.5288,3.163976,蕙/ng
9847,1086,8,7,3.8466,2.631816,朦胧/a
9592,1074,8,7,3.9778,2.648912,神甫/nr
9795,884,10,7,3.8847,2.948194,紧张/a
9794,883,10,7,3.8847,2.948194,老板/n
11361,745,12,7,3.6697,3.191894,摇头/v
13221,600,16,7,3.1803,3.558746,儿子/n
8889,565,15,7,4.2326,3.666971,火车/n
13289,814,12,7,3.1222,3.06626,还要/c
13220,1057,9,7,3.1825,2.669563,纸/n
13278,510,19,7,3.1423,3.865227,男人/n
13351,895,11,7,3.0747,2.922963,白/a
13328,570,17,7,3.1001,3.64225,水/n
13333,258,38,7,3.0945,5.442722,住/v
13921,699,14,7,3.0278,3.282861,希望/v
42,797,10,6,5.5221,3.093465,蓝/a
13923,439,23,6,3.0233,4.205973,新/a
8891,864,10,6,4.2326,2.994069,街道/n
13310,1073,9,6,3.1138,2.653444,空气/n
13243,566,17,6,3.1538,3.659842,可怜/v
5552,678,12,6,4.8676,3.345447,丛中/f
13353,430,23,6,3.0735,4.226139,如/v
11401,1277,7,6,3.6539,2.435565,世钧/nr
13090,732,13,6,3.2126,3.216612,腿/n
12014,450,21,6,3.4049,4.149933,一块/m
9603,956,9,6,3.9551,2.806574,弟弟/n
11807,917,10,6,3.5221,2.887027,爹/n
12897,429,22,6,3.3377,4.226481,轻轻/d
12895,784,12,6,3.3404,3.122098,火/n
9738,792,11,6,3.9227,3.097924,一顿/m
12898,476,20,6,3.3345,4.028809,那天/r
11498,1109,8,6,3.6153,2.597623,走廊/n
11407,484,19,6,3.6408,4.009445,年轻/a
11349,982,9,6,3.6821,2.766277,爱情/n
13241,1189,8,6,3.1607,2.512139,屋子/n
8845,857,10,6,4.2998,3.001715,老头儿/n
12960,299,32,6,3.2933,5.079843,一条/m
9788,962,9,6,3.8962,2.798514,醒来/v
9604,957,9,6,3.9551,2.806574,低着头/v
8842,767,11,6,4.306,3.148954,某/r
11790,1300,7,6,3.5336,2.417288,往往/t
11793,1303,7,6,3.5336,2.417288,牌/n
9859,889,10,6,3.8341,2.940548,星期/t
11269,300,30,6,3.7692,5.075521,发/v
9554,1230,7,6,4.0076,2.481258,调子/n
9556,1232,7,6,4.0076,2.481258,工人/n
9548,950,9,6,4.0165,2.814633,两年/m
9203,716,12,6,4.0482,3.254711,呼吸/v
9192,787,11,6,4.0747,3.119794,贵志/n
8925,657,13,6,4.2126,3.411082,两眼/m
9894,1094,8,6,3.7852,2.623268,身影/n
9540,163,54,6,4.027,6.897705,发生/v
12990,1338,7,6,3.2706,2.371595,关上/s
9728,1235,7,6,3.9296,2.472119,谈到/v
11829,443,21,6,3.5145,4.181589,受/v
6393,1184,7,6,4.3701,2.517812,汉子/n
9730,1237,7,6,3.9296,2.472119,太明/nr
11560,907,10,6,3.5628,2.894673,四周/m
12997,1345,7,6,3.2706,2.371595,哩/y
11773,834,11,6,3.5442,3.032314,神情/n
11559,906,10,6,3.5628,2.894673,随即/d
13006,1042,9,6,3.2547,2.685682,看不见/v
12964,1037,9,6,3.2921,2.693742,地面/n
6354,1033,8,6,4.4633,2.700202,雪梅/nr
6360,845,10,6,4.4441,3.017007,象是/v
9733,1240,7,6,3.9296,2.472119,老头子/n
9744,1082,8,6,3.9107,2.640364,前进/v
11294,632,14,6,3.7181,3.457333,楼梯/n
5558,904,9,6,4.8396,2.895227,上楼/ns
12001,707,13,6,3.4267,3.270259,一家/m
8988,1203,7,6,4.1775,2.499535,江霞/nr
8978,773,11,6,4.1857,3.134374,隔壁/s
11319,597,15,6,3.6921,3.573329,敲/v
9172,1217,7,6,4.09,2.490396,溜/v
8984,606,14,6,4.1775,3.534876,楼下/s
13938,760,13,6,3.0045,3.156259,直/d
5576,1357,6,6,4.7852,2.360653,周伯涛/nr
13217,879,11,6,3.1857,2.952123,似/d
13085,1050,9,6,3.2181,2.677623,神气/n
11286,978,9,6,3.7327,2.774336,卧室/n
9208,1071,8,6,4.0482,2.657461,马吕斯/nr
12006,1317,7,6,3.4226,2.399011,只管/c
12021,855,11,6,3.4033,3.003154,房/n
11963,1006,9,6,3.4526,2.725979,旁/f
11982,848,11,6,3.4373,3.010444,底下/f
11934,1128,8,6,3.4633,2.571978,面孔/n
11926,843,11,6,3.472,3.017734,一支/m
11929,612,15,6,3.4697,3.523386,感情/n
12030,515,18,6,3.3903,3.83802,嘴/n
12043,1138,8,6,3.3701,2.554881,抽/v
9146,302,29,6,4.1196,5.075369,兴奋/v
6093,1012,8,6,4.6697,2.717299,时分/n
9868,625,14,6,3.8199,3.476719,变化/vn
9904,1261,7,6,3.7852,2.453842,索/nr
11270,301,30,6,3.7692,5.075521,脚/n
6339,640,13,6,4.4856,3.444611,脚下/f
6323,1377,6,6,4.4957,2.340912,末了/t
6336,108,80,6,4.4924,8.546899,大声/m
6383,927,9,6,4.3701,2.85493,金鱼/n
9183,1228,7,6,4.09,2.490396,沉吟/v
9001,361,24,6,4.1478,4.622599,想要/v
9004,939,9,6,4.1478,2.830752,木兰/nr
6068,1155,7,6,4.7181,2.545227,医师/n
6243,102,85,6,4.5897,8.836659,变成/v
6106,921,9,6,4.6332,2.879109,两句/m
6100,252,33,6,4.6597,5.517282,一下子/m
13080,313,31,6,3.2263,4.972835,问/n
6300,923,9,6,4.5401,2.871049,罗/j
6095,1014,8,6,4.6697,2.717299,主任/b
11500,1111,8,5,3.6153,2.597623,洞/n
9719,292,30,5,3.9372,5.119665,得到/v
11782,1292,7,5,3.5336,2.417288,迟疑/d
11799,755,12,5,3.5288,3.163976,半/m
12969,789,12,5,3.2827,3.108138,阳光/nr
9830,672,13,5,3.8611,3.357435,全身/n
8872,1197,7,5,4.2706,2.508673,刘荃/nr
13339,1211,8,5,3.0847,2.495043,方/n
13340,1212,8,5,3.0847,2.495043,黄宗羲/nr
13312,512,19,5,3.1103,3.854133,一张/m
13291,1199,8,5,3.1222,2.503591,任何/r
5410,1349,6,5,4.9551,2.370524,那一刻/r
13337,1392,7,5,3.09,2.335041,办/v
44,1122,7,5,5.3701,2.581782,白光/nr
13282,1372,7,5,3.1331,2.34418,读/v
11354,688,13,5,3.6783,3.323905,耳边/s
11359,743,12,5,3.6697,3.191894,来看/u
11362,1103,8,5,3.6697,2.606171,情绪/n
12920,1328,7,5,3.3195,2.380734,病人/n
12905,1028,9,5,3.3306,2.701801,舅舅/n
9739,793,11,5,3.9227,3.097924,安静/nr
13284,1374,7,5,3.1331,2.34418,老/n
9742,727,12,5,3.9107,3.233772,惊讶/a
9595,1077,8,5,3.9778,2.648912,伊凡/nr
12046,1323,7,5,3.3701,2.389872,无聊/a
9195,571,15,5,4.0676,3.641999,嚷/v
8926,403,21,5,4.2079,4.334597,厨房/n
9889,892,10,5,3.7852,2.932902,一幅/d
9196,239,36,5,4.0643,5.641355,似地/d
9190,946,9,5,4.0806,2.822693,四面/mq
6321,150,58,5,4.5002,7.279248,亮/v
6328,1382,6,5,4.4957,2.340912,肌肉/n
8854,167,52,5,4.2892,6.842281,停/v
8859,1047,8,5,4.2827,2.683106,谢元嵩/nr
6324,1378,6,5,4.4957,2.340912,李玉亭/nr
11554,531,17,5,3.575,3.777124,意外/a
6391,1182,7,5,4.3701,2.517812,刘/zg
9902,1259,7,5,3.7852,2.453842,议论/n
11564,1116,8,5,3.5628,2.589074,内/f
11565,1117,8,5,3.5628,2.589074,副/b
9818,156,59,5,3.8777,7.15862,喊/v
9835,1245,7,5,3.8556,2.462981,半夜/m
9834,1244,7,5,3.8556,2.462981,胡同/nr
11921,1312,7,5,3.4771,2.408149,鱼/n
12994,1342,7,5,3.2706,2.371595,则/d
11919,1310,7,5,3.4771,2.408149,或是/c
9726,617,14,5,3.9296,3.496104,帽子/n
9717,271,32,5,3.9439,5.289277,掉/v
8833,234,36,5,4.3502,5.705831,念头/n
6408,1405,6,5,4.3701,2.331041,克定/nr
8837,650,13,5,4.3157,3.424493,恐惧/an
6398,1395,6,5,4.3701,2.331041,香气/n
6397,1394,6,5,4.3701,2.331041,官家/n
12942,624,15,5,3.2998,3.479686,微微/d
9544,788,11,5,4.0222,3.112504,音乐/n
9553,1229,7,5,4.0076,2.481258,热闹/a
12028,616,15,5,3.3944,3.504658,诗/n
9207,1070,8,5,4.0482,2.657461,唐吉诃德/nr
9204,1067,8,5,4.0482,2.657461,姚佩佩/nr
8929,704,12,5,4.2002,3.27565,说不出/v
12045,1322,7,5,3.3701,2.389872,年轻人/n
6073,204,42,5,4.6964,6.230778,改变/v
11917,1308,7,5,3.4771,2.408149,一日/m
6092,629,13,5,4.6783,3.464728,一首/m
11539,343,27,5,3.5859,4.763413,回头/v
11530,648,14,5,3.5925,3.431485,一群/m
6103,326,26,5,4.6443,4.895124,停下来/v
11937,1131,8,5,3.4633,2.571978,一处/m
6063,1150,7,5,4.7181,2.545227,室内/s
8991,1206,7,5,4.1775,2.499535,英/ns
11511,900,10,5,3.6046,2.902319,般的/u
13063,1167,8,5,3.2409,2.529236,令人/nrt
13062,1166,8,5,3.2409,2.529236,一团/m
9145,1064,8,5,4.1222,2.666009,喝酒/v
8981,776,11,5,4.1857,3.134374,颤动/v
8993,1208,7,5,4.1775,2.499535,心跳/v
8996,865,10,5,4.1685,2.986423,笑了笑/l
11292,1099,8,5,3.7263,2.614719,怀里/s
5573,1354,6,5,4.7852,2.360653,桂英/nr
11394,305,30,5,3.6623,5.044621,抬头/v
11364,1105,8,5,3.6697,2.606171,次/q
11363,1104,8,5,3.6697,2.606171,光明/n
11285,498,18,5,3.7327,3.923504,低/a
11411,987,9,5,3.6332,2.758217,远远/d
13925,981,10,5,3.0196,2.772339,地/n
5335,1335,6,5,5.1478,2.380395,天吾/nz
5341,808,10,4,5.1071,3.070527,扩大/v
13940,837,12,4,3.0009,3.031362,对于/p
5556,1143,7,4,4.8556,2.554366,暗/v
6401,1398,6,4,4.3701,2.331041,眉/n
6353,1032,8,4,4.4633,2.700202,敲门/v
12919,1327,7,4,3.3195,2.380734,窗子/n
12913,1147,8,4,3.3257,2.546333,一惊/a
12912,1146,8,4,3.3257,2.546333,沉重/a
6388,1179,7,4,4.3701,2.517812,一线/m
6405,1402,6,4,4.3701,2.331041,曼璐/nr
11299,1270,7,4,3.7181,2.444704,东/ns
9746,1084,8,4,3.9107,2.640364,吸/v
11785,1295,7,4,3.5336,2.417288,关/v
9741,726,12,4,3.9107,3.233772,异常/d
11806,916,10,4,3.5221,2.887027,想法/v
9593,1075,8,4,3.9778,2.648912,摇晃/z
9897,1254,7,4,3.7852,2.453842,移动/vn
11289,1096,8,4,3.7263,2.614719,没想到/l
11775,506,18,4,3.5401,3.877912,一道/m
11779,651,14,4,3.5336,3.418561,鼻子/n
11395,819,11,4,3.6597,3.054184,报纸/n
11281,811,11,4,3.7421,3.068764,身旁/s
11356,525,17,4,3.6762,3.80058,手指/n
11566,1118,8,4,3.5628,2.589074,队伍/n
11556,364,25,4,3.5711,4.579298,往/zg
9839,1249,7,4,3.8556,2.462981,打量/v
9560,719,12,4,4.0009,3.247732,挣扎/v
11791,1301,7,4,3.5336,2.417288,警察/v
9841,1251,7,4,3.8556,2.462981,事实/n
13078,795,12,4,3.2272,3.094179,一口/m
11780,652,14,4,3.5336,3.418561,双手/n
6067,1154,7,4,4.7181,2.545227,电光/n
11781,1291,7,4,3.5336,2.417288,闭/v
9567,871,10,4,3.9916,2.963486,弯/v
11567,1119,8,4,3.5628,2.589074,浑身/n
9898,1255,7,4,3.7852,2.453842,歪/v
9900,1257,7,4,3.7852,2.453842,罢了/y
9796,885,10,4,3.8847,2.948194,某个/r
9785,669,13,4,3.9007,3.364141,笑容/n
9790,620,14,4,3.8921,3.489642,叫声/v
11274,496,18,4,3.7587,3.929202,站住/v
9745,1083,8,4,3.9107,2.640364,退/v
9740,467,19,4,3.9176,4.070461,伸手/v
5574,1355,6,4,4.7852,2.360653,搬到/v
5548,31,286,4,4.8826,16.338228,发现/v
11545,829,11,4,3.5816,3.039604,恨/v
13248,1066,9,4,3.1478,2.661504,咬/v
40,717,11,4,5.6597,3.251015,紧跟着/l
5399,1133,7,4,5.0076,2.563504,出奇/a
13242,887,11,4,3.1572,2.944833,李/nr
5408,1347,6,4,4.9551,2.370524,疲劳/a
5411,1350,6,4,4.9551,2.370524,老婆子/nr
11410,748,12,4,3.6332,3.184915,飞/n
5570,1010,8,4,4.7852,2.725847,门铃/n
6347,1174,7,4,4.4771,2.52695,一阵子/m
6246,179,48,4,4.5801,6.638547,停止/v
9006,941,9,4,4.1478,2.830752,感激/v
8919,604,14,4,4.2233,3.541338,响声/n
9729,1236,7,4,3.9296,2.472119,如同/d
9143,1062,8,4,4.1222,2.666009,空虚/n
9144,1063,8,4,4.1222,2.666009,心思/n
9594,1076,8,4,3.9778,2.648912,为何/r
11842,446,21,4,3.4957,4.176313,放/v
12019,853,11,4,3.4033,3.003154,娘/n
9003,938,9,4,4.1478,2.830752,自言自语/i
9731,1238,7,4,3.9296,2.472119,河/ns
12010,1136,8,4,3.4159,2.563429,同志/n
9189,945,9,4,4.0806,2.822693,开门/v
8876,232,37,4,4.2577,5.764772,拍/v
9199,269,32,4,4.0482,5.314922,脚步/n
8928,703,12,4,4.2002,3.27565,决心/v
8921,483,18,4,4.2181,4.014686,失去/v
9179,1224,7,4,4.09,2.490396,临时/b
9205,1068,8,4,4.0482,2.657461,一夜/m
6345,1172,7,4,4.4771,2.52695,底/f
6327,1381,6,4,4.4957,2.340912,宝贝/nr
6330,1384,6,4,4.4957,2.340912,阻止/v
11964,1007,9,4,3.4526,2.725979,毫无/v
11936,1130,8,4,3.4633,2.571978,翠环/nr
12041,1020,9,4,3.3701,2.70986,青年/t
12040,926,10,4,3.3701,2.856444,冷/a
12024,771,12,4,3.4005,3.136057,昨天/t
12927,722,13,4,3.3157,3.243435,起身/v
12962,1035,9,4,3.2921,2.693742,上来/t
12965,1038,9,4,3.2921,2.693742,妹妹/n
12968,593,16,4,3.2827,3.588969,扑/v
12042,1021,9,4,3.3701,2.70986,忍不住/v
6332,1386,6,4,4.4957,2.340912,－/x
6363,757,11,4,4.4373,3.163534,明/a
13099,1177,8,4,3.2002,2.520688,碰/v
13366,975,10,4,3.0482,2.779985,女子/n
13061,1165,8,4,3.2409,2.529236,约/d
12044,1139,8,4,3.3701,2.554881,上帝/n
8860,1048,8,4,4.2827,2.683106,翅膀/n
6114,1369,6,4,4.6332,2.350782,深夜/t
6112,1367,6,4,4.6332,2.350782,伊万/nrt
13000,728,13,4,3.2632,3.230024,桌上/s
12995,1343,7,4,3.2706,2.371595,老虎/nr
12048,1325,7,4,3.3701,2.389872,无意/v
12993,1341,7,4,3.2706,2.371595,照片/n
11927,844,11,4,3.472,3.017734,盖/v
9206,1069,8,4,4.0482,2.657461,广场/n
8855,250,34,4,4.2877,5.532401,背后/f
8856,1044,8,4,4.2827,2.683106,喜鹊/n
5572,1353,6,4,4.7852,2.360653,缝/v
9181,1226,7,3,4.09,2.490396,搂住/v
9851,1090,8,3,3.8466,2.631816,喉咙/n
9852,1091,8,3,3.8466,2.631816,多年/m
13081,1352,7,3,3.2233,2.362457,摇/v
13088,877,11,3,3.2149,2.959413,忘记/v
13079,796,12,3,3.2272,3.094179,结婚/v
6061,589,14,3,4.7181,3.599495,哈哈大笑/l
6097,1016,8,3,4.6697,2.717299,门帘/n
13076,560,17,3,3.2288,3.683298,来到/v
6076,826,10,3,4.6921,3.039944,放声/v
9541,663,13,3,4.0262,3.384258,说出/v
6062,1149,7,3,4.7181,2.545227,汽笛/n
11272,398,22,3,3.7635,4.345042,有个/r
9873,518,17,3,3.8138,3.829901,放下/v
9564,576,15,3,3.9916,3.629514,难过/v
11800,756,12,3,3.5288,3.163976,担心/v
12903,1026,9,3,3.3306,2.701801,周围/f
5554,1141,7,3,4.8556,2.554366,蹦/v
41,1314,6,3,5.6332,2.400136,敌机/n
43,986,8,3,5.3701,2.760041,升/zg
13922,408,24,3,3.0244,4.296864,以/p
47,1319,6,3,5.3701,2.390265,有说有笑/l
13341,1213,8,3,3.0847,2.495043,甫/d
13941,838,12,3,3.0009,3.031362,抱/v
6392,1183,7,3,4.3701,2.517812,几声/m
6396,1393,6,3,4.3701,2.331041,锜/zg
12911,1145,8,3,3.3257,2.546333,厉害/a
6385,1040,8,3,4.3701,2.691654,嗓音/n
6402,1399,6,3,4.3701,2.331041,水声/n
6351,1030,8,3,4.4633,2.700202,醒过来/l
6352,1031,8,3,4.4633,2.700202,静寂/z
12902,1025,9,3,3.3306,2.701801,墙上/s
9538,462,19,3,4.0331,4.092649,对方/n
9797,886,10,3,3.8847,2.948194,诗人/n
9743,1081,8,3,3.9107,2.640364,初/f
11783,1293,7,3,3.5336,2.417288,颤抖/v
11298,1269,7,3,3.7181,2.444704,气味/n
9883,626,14,3,3.7852,3.470257,推开/v
11350,983,9,3,3.6821,2.766277,人影/n
11296,1267,7,3,3.7181,2.444704,花园里/nr
11290,1097,8,3,3.7263,2.614719,勇气/n
11340,314,29,3,3.689,4.967614,另/r
11787,1297,7,3,3.5336,2.417288,呻吟/v
9850,1089,8,3,3.8466,2.631816,背上/f
11316,817,11,3,3.7003,3.061474,其中/r
11301,684,13,3,3.713,3.330611,冲/v
11784,1294,7,3,3.5336,2.417288,出门/v
8930,705,12,3,4.2002,3.27565,一封信/i
11938,1132,8,3,3.4633,2.571978,难受/v
8875,346,25,3,4.2591,4.738874,不安/a
9187,943,9,3,4.0806,2.822693,寂静/a
12009,1135,8,3,3.4159,2.563429,窗户/n
12005,1316,7,3,3.4226,2.399011,一间/m
9178,1223,7,3,4.09,2.490396,不好意思/a
8922,932,9,3,4.2181,2.838811,清脆/a
12004,1315,7,3,3.4226,2.399011,白色/n
11832,1125,8,3,3.5122,2.580526,拿出/v
11913,698,13,3,3.4856,3.28367,吃惊/a
11846,1003,9,3,3.4957,2.734039,冯村/nr
11845,1002,9,3,3.4957,2.734039,那条/mq
9147,659,13,3,4.1164,3.39767,冷笑/nr
9732,1239,7,3,3.9296,2.472119,有所/n
9555,1231,7,3,4.0076,2.481258,面容/n
9602,955,9,3,3.9551,2.806574,古怪/a
9140,1059,8,3,4.1222,2.666009,言/vg
6338,140,63,3,4.4894,7.583897,变/v
6318,750,11,3,4.5076,3.170824,响亮/a
12941,382,25,3,3.2998,4.492256,全/a
5559,738,11,3,4.8296,3.199984,声调/n
6320,752,11,3,4.5076,3.170824,语调/n
5562,79,112,3,4.8199,10.208325,传来/v
6364,694,12,3,4.4315,3.303569,愤怒/v
6373,199,44,3,4.3866,6.316133,抬起/v
6326,1380,6,3,4.4957,2.340912,无名/v
8931,1052,8,3,4.2002,2.674557,头脑/n
8843,144,61,3,4.3009,7.413998,发出/v
8841,766,11,3,4.306,3.148954,拳头/n
8867,1192,7,3,4.2706,2.508673,沉寂/a
8866,1191,7,3,4.2706,2.508673,跳动/vn
8864,563,15,3,4.277,3.673213,外边/f
11925,842,11,3,3.472,3.017734,激动/a
13350,894,11,3,3.0747,2.922963,上海/ns
13346,969,10,3,3.0774,2.787631,若/c
49,1321,6,3,5.3701,2.390265,砖头/n
5337,116,72,3,5.1138,8.24023,发觉/v
13345,1079,9,3,3.0806,2.645385,近/a
5397,107,78,3,5.0408,8.563471,意识/n
5363,994,8,3,5.0482,2.742944,带笑/v
6244,338,25,3,4.5877,4.792067,抬起头来/l
6108,1363,6,3,4.6332,2.350782,颤/v
13064,1168,8,3,3.2409,2.529236,了解/v
6109,1364,6,3,4.6332,2.350782,一声不响/l
9182,1227,7,3,4.09,2.490396,孤独/a
8839,764,11,3,4.306,3.148954,手帕/n
11404,690,13,3,3.6443,3.3172,招呼/v
5404,291,28,3,4.968,5.12244,发现自己/l
11400,1276,7,3,3.6539,2.435565,不动/v
13316,965,10,3,3.1071,2.795277,不住/v
5526,1000,8,3,4.9107,2.734396,感慨/v
13290,1198,8,3,3.1222,2.503591,翻/v
13315,964,10,3,3.1071,2.795277,医生/n
11499,1110,8,3,3.6153,2.597623,令/v
11412,988,9,3,3.6332,2.758217,伤心/n
11399,1275,7,3,3.6539,2.435565,端午/t
5575,1356,6,3,4.7852,2.360653,滴/v
13240,1188,8,3,3.1607,2.512139,一场/m
13281,1371,7,3,3.1331,2.34418,未/d
13283,1373,7,3,3.1331,2.34418,寂寞/a
2,1288,6,3,6.3701,2.419878,几十丈/m
3,1289,6,3,6.3701,2.419878,甘当/v
4,1290,6,3,6.3701,2.419878,小卒/n
27,1306,6,3,5.9551,2.410007,销声匿迹/i
5328,991,8,3,5.2002,2.751492,西边/s
5324,613,13,2,5.2632,3.511669,雨来/t
28,1307,6,2,5.9551,2.410007,正/a
33,1108,7,2,5.8556,2.600059,拉长/v
5400,1134,7,2,5.0076,2.563504,不远处/s
5403,508,16,2,4.9778,3.873064,叹口气/i
13222,1360,7,2,3.1775,2.353318,枪/n
13224,1362,7,2,3.1775,2.353318,兴趣/n
13246,647,15,2,3.1478,3.435987,这件/mq
13247,1065,9,2,3.1478,2.661504,再也/d
6052,742,11,2,4.7421,3.192694,叹一口气/i
6055,912,9,2,4.7327,2.887168,压低/v
6056,913,9,2,4.7327,2.887168,闪过/v
6057,914,9,2,4.7327,2.887168,呜呜/l
11534,1286,7,2,3.5925,2.426426,绝望/v
11540,992,9,2,3.5859,2.750158,独自/d
13292,1200,8,2,3.1222,2.503591,推/v
5525,999,8,2,4.9107,2.734396,转向/v
5550,228,36,2,4.8676,5.794485,大笑/v
5409,1348,6,2,4.9551,2.370524,奇异/a
11501,1112,8,2,3.6153,2.597623,侧/v
11502,1113,8,2,3.6153,2.597623,看过/v
5361,485,17,2,5.0653,3.99996,插嘴/v
5333,1333,6,2,5.1478,2.380395,东边/s
5339,806,10,2,5.1071,3.070527,恶心/n
5340,807,10,2,5.1071,3.070527,无缘无故/i
8983,404,21,2,4.1775,4.329321,换/v
6250,1022,8,2,4.5628,2.708751,仙客/n
6236,274,30,2,4.6046,5.252095,大叫/v
6241,1161,7,2,4.5925,2.536089,大腿/n
6242,1162,7,2,4.5925,2.536089,喊声/n
6349,1176,7,2,4.4771,2.52695,低沉/a
12991,1339,7,2,3.2706,2.371595,小声/n
12992,1340,7,2,3.2706,2.371595,一头/m
8865,1190,7,2,4.2706,2.508673,向上/d
6382,850,10,2,4.3701,3.009361,后边/f
8853,931,9,2,4.2921,2.846871,可笑/v
11922,1313,7,2,3.4771,2.408149,是否/v
11932,762,12,2,3.4633,3.150016,个人/n
9184,536,16,2,4.0847,3.764262,强烈/a
9186,487,18,2,4.0806,3.99189,回过/v
9200,286,30,2,4.0482,5.146151,听说/v
9201,391,22,2,4.0482,4.4069,闪/v
12018,852,11,2,3.4033,3.003154,惊/v
12020,854,11,2,3.4033,3.003154,口袋/n
11991,769,12,2,3.4315,3.143037,肩膀/n
11998,494,19,2,3.4282,3.953977,不再/d
9545,947,9,2,4.0165,2.814633,使劲/v
9546,948,9,2,4.0165,2.814633,死去/v
11843,759,12,2,3.4957,3.156996,成为/v
9600,723,12,2,3.9551,3.240752,哭声/n
9601,954,9,2,3.9551,2.806574,莫名其妙/i
9722,878,10,2,3.9372,2.95584,枪声/n
9167,711,12,2,4.0971,3.261691,马车/n
9174,1219,7,2,4.09,2.490396,涌/v
9175,1220,7,2,4.09,2.490396,路边/s
9176,1221,7,2,4.09,2.490396,偷偷地/i
9139,1058,8,2,4.1222,2.666009,跪/v
9141,1060,8,2,4.1222,2.666009,想象/n
9202,715,12,2,4.0482,3.254711,抱住/v
12039,779,12,2,3.3701,3.129077,笑声/n
6335,1389,6,2,4.4957,2.340912,恂/g
6331,1385,6,2,4.4957,2.340912,痛哭/v
12970,1160,8,2,3.2827,2.537784,窗口/s
6361,846,10,2,4.4441,3.017007,头顶/n
6365,644,13,2,4.4267,3.437905,命令/n
6370,316,27,2,4.3971,4.949537,惊醒/a
6381,695,12,2,4.3701,3.296589,异样/d
5565,58,148,2,4.8048,11.730275,变得/v
6096,1015,8,2,4.6697,2.717299,伤感/n
13084,1049,9,2,3.2181,2.677623,生气/n
6071,1158,7,2,4.7181,2.545227,寒噤/n
6302,839,10,2,4.5221,3.024652,人声/n
9557,1233,7,2,4.0076,2.481258,叹息/v
9565,869,10,2,3.9916,2.963486,全都/n
11914,919,10,2,3.4826,2.879381,北京/ns
11920,1311,7,2,3.4771,2.408149,握/v
9863,803,11,2,3.8296,3.083344,举起/v
9878,372,24,2,3.8054,4.548568,充满/a
9879,197,47,2,3.7852,6.358381,问道/n
9901,1258,7,2,3.7852,2.453842,神色/n
9903,1260,7,2,3.7852,2.453842,遇见/v
9793,882,10,2,3.8847,2.948194,地问/n
11792,1302,7,2,3.5336,2.417288,飞机/n
9888,891,10,2,3.7852,2.932902,高声/n
9890,893,10,2,3.7852,2.932902,同情/n
9895,1095,8,2,3.7852,2.623268,关心/n
11531,1283,7,2,3.5925,2.426426,埋/v
11533,1285,7,2,3.5925,2.426426,嗓子/n
11287,979,9,2,3.7327,2.774336,去年/t
11297,1268,7,2,3.7181,2.444704,经常/d
11345,636,14,2,3.6856,3.450871,受到/v
11778,997,9,2,3.5401,2.742098,对着/p
9836,1246,7,2,3.8556,2.462981,抬/v
9837,1247,7,2,3.8556,2.462981,大厅/n
9884,627,14,2,3.7852,3.470257,把手/v
11553,530,17,2,3.575,3.777124,所有/b
12921,1329,7,2,3.3195,2.380734,哎呀/e
6355,1034,8,2,4.4633,2.700202,悄悄地/z
12914,1148,8,2,3.3257,2.546333,抓/v
6400,1397,6,2,4.3701,2.331041,河水/ns
6404,1401,6,2,4.3701,2.331041,昨夜/t
6406,1403,6,2,4.3701,2.331041,管仲/nr
6386,1041,8,2,4.3701,2.691654,厌恶/v
6387,1178,7,2,4.3701,2.517812,回身/v
13336,1391,7,2,3.09,2.335041,吓了一跳/v
13338,1210,8,2,3.0847,2.495043,不觉/d
5336,730,11,1,5.1291,3.221854,噗嗤/o
5338,113,75,1,5.1071,8.408986,响起/v
46,1318,6,1,5.3701,2.390265,一伙人/r
5358,427,19,1,5.0945,4.231321,惊叫/v
5359,898,9,1,5.0806,2.911346,打住/v
13348,971,10,1,3.0774,2.787631,另外/c
11495,822,11,1,3.6201,3.046894,小小的/z
5407,674,12,1,4.9551,3.352427,仰起/v
11413,989,9,1,3.6332,2.758217,恢复/v
8844,856,10,1,4.2998,3.001715,砰/o
6399,1396,6,1,4.3701,2.331041,凤子/nr
6403,1400,6,1,4.3701,2.331041,作出/v
12904,1027,9,1,3.3306,2.701801,手中/s
12918,1326,7,1,3.3195,2.380734,吩咐/v
6350,1029,8,1,4.4633,2.700202,尖声/n
6390,1181,7,1,4.3701,2.517812,口中/s
5553,1140,7,1,4.8556,2.554366,一响/m
5551,677,12,1,4.8676,3.345447,拉住/v
5323,236,34,1,5.2877,5.681676,心血来潮/i
5331,1331,6,1,5.1478,2.380395,触动/v
5330,1330,6,1,5.1478,2.380395,咆哮/v
6054,911,9,1,4.7327,2.887168,哇/y
13239,1187,8,1,3.1607,2.512139,引起/v
5401,815,10,1,4.9916,3.062882,转念/v
13223,1361,7,1,3.1775,2.353318,掏出/v
9833,623,14,1,3.8556,3.483181,把头/v
11360,744,12,1,3.6697,3.191894,轻轻地/z
8846,858,10,1,4.2998,3.001715,两声/m
8934,1055,8,1,4.2002,2.674557,微微一笑/l
6340,641,13,1,4.4856,3.444611,咳嗽/v
6334,1388,6,1,4.4957,2.340912,变换/v
6333,1387,6,1,4.4957,2.340912,剧痛/n
6329,1383,6,1,4.4957,2.340912,咬牙切齿/i
6325,1379,6,1,4.4957,2.340912,喇叭/n
8858,1046,8,1,4.2827,2.683106,害/v
8857,1045,8,1,4.2827,2.683106,奏/v
8847,859,10,1,4.2998,3.001715,右手/n
8994,1209,7,1,4.1775,2.499535,高大/a
8999,532,16,1,4.1607,3.776351,指着/v
11989,543,17,1,3.4352,3.741939,成/v
11935,1129,8,1,3.4633,2.571978,扯/v
8870,1195,7,1,4.2706,2.508673,马蹄声/n
9605,958,9,1,3.9551,2.806574,增加/v
6249,689,12,1,4.5628,3.317529,收到/v
6245,381,22,1,4.5816,4.494532,提起/v
6111,1366,6,1,4.6332,2.350782,一滴/m
13007,1043,9,1,3.2547,2.685682,少/a
6110,1365,6,1,4.6332,2.350782,打起/v
12996,1344,7,1,3.2706,2.371595,猛地/d
8868,1193,7,1,4.2706,2.508673,冒出来/v
9138,781,11,1,4.1291,3.127084,提到/v
11962,1005,9,1,3.4526,2.725979,睁/v
8989,1204,7,1,4.1775,2.499535,哭泣/v
8986,1201,7,1,4.1775,2.499535,和尚/nr
8998,375,23,1,4.1658,4.528631,响/zg
11282,812,11,1,3.7421,3.068764,说不定/l
11315,816,11,1,3.7003,3.061474,伸/v
5571,1011,8,1,4.7852,2.725847,提议/v
5569,1009,8,1,4.7852,2.725847,通知/v
6051,741,11,1,4.7421,3.192694,掉/zg
5329,572,14,1,5.1775,3.638267,尖叫/v
5332,1332,6,1,5.1478,2.380395,冒起/v
9854,967,9,1,3.8396,2.790455,一封/m
11563,1115,8,1,3.5628,2.589074,取出/v
9855,968,9,1,3.8396,2.790455,做出/v
9858,888,10,1,3.8341,2.940548,声响/n
5564,547,15,1,4.8176,3.735642,过头/n
9840,1250,7,1,3.8556,2.462981,在家/r
11788,1298,7,1,3.5336,2.417288,来说/u
11786,1296,7,1,3.5336,2.417288,一本/m
11789,1299,7,1,3.5336,2.417288,活泼/a
11277,736,12,1,3.7457,3.205854,怀疑/v
9905,1262,7,1,3.7852,2.453842,小时候/n
9786,670,13,1,3.9007,3.364141,伸出/v
6069,1156,7,1,4.7181,2.545227,停步/v
5563,546,15,1,4.8176,3.735642,想道/v
5557,97,87,1,4.8473,9.003356,停住/v
6066,1153,7,1,4.7181,2.545227,夏天/t
6303,840,10,1,4.5221,3.024652,打了个/n
6065,1152,7,1,4.7181,2.545227,狂风/n
9563,351,25,1,3.9916,4.685682,抓住/v
9721,445,20,1,3.9372,4.180189,唤/vg
9838,1248,7,1,3.8556,2.462981,碗/q
11351,984,9,1,3.6821,2.766277,打电话/l
11291,1098,8,1,3.7263,2.614719,亲热/a